Date,Price
1997-01-12,3.79
1997-01-19,4.19
1997-01-26,2.98
1997-02-02,2.91
1997-02-09,2.53
1997-02-16,2.3
1997-02-23,1.91
1997-03-02,1.82
1997-03-09,1.86
1997-03-16,1.96
1997-03-23,1.91
1997-03-30,1.84
1997-04-06,1.88
1997-04-13,1.98
1997-04-20,2.04
1997-04-27,2.14
1997-05-04,2.15
1997-05-11,2.29
1997-05-18,2.22
1997-05-25,2.22
1997-06-01,2.29
1997-06-08,2.17
1997-06-15,2.16
1997-06-22,2.22
1997-06-29,2.27
1997-07-06,2.14
1997-07-13,2.15
1997-07-20,2.24
1997-07-27,2.2
1997-08-03,2.22
1997-08-10,2.37
1997-08-17,2.53
1997-08-24,2.54
1997-08-31,2.58
1997-09-07,2.77
1997-09-14,2.76
1997-09-21,2.85
1997-09-28,3.08
1997-10-05,3.0
1997-10-12,2.83
1997-10-19,2.89
1997-10-26,3.21
1997-11-02,3.42
1997-11-09,3.16
1997-11-16,3.25
1997-11-23,2.89
1997-11-30,2.55
1997-12-07,2.51
1997-12-14,2.34
1997-12-21,2.34
1997-12-28,2.21
1998-01-04,2.26
1998-01-11,2.11
1998-01-18,2.05
1998-01-25,2.11
1998-02-01,2.08
1998-02-08,2.28
1998-02-15,2.21
1998-02-22,2.2
1998-03-01,2.22
1998-03-08,2.18
1998-03-15,2.22
1998-03-22,2.23
1998-03-29,2.3
1998-04-05,2.41
1998-04-12,2.57
1998-04-19,2.46
1998-04-26,2.4
1998-05-03,2.23
1998-05-10,2.14
1998-05-17,2.2
1998-05-24,2.13
1998-05-31,2.08
1998-06-07,2.1
1998-06-14,2.0
1998-06-21,2.11
1998-06-28,2.38
1998-07-05,2.39
1998-07-12,2.36
1998-07-19,2.21
1998-07-26,2.05
1998-08-02,1.95
1998-08-09,1.86
1998-08-16,1.85
1998-08-23,1.93
1998-08-30,1.81
1998-09-06,1.72
1998-09-13,1.83
1998-09-20,2.07
1998-09-27,2.24
1998-10-04,2.2
1998-10-11,1.99
1998-10-18,1.73
1998-10-25,1.9
1998-11-01,1.89
1998-11-08,2.11
1998-11-15,2.27
1998-11-22,2.12
1998-11-29,2.08
1998-12-06,1.34
1998-12-13,1.6
1998-12-20,1.93
1998-12-27,1.94
1999-01-03,1.84
1999-01-10,2.0
1999-01-17,1.81
1999-01-24,1.81
1999-01-31,1.76
1999-02-07,1.79
1999-02-14,1.81
1999-02-21,1.79
1999-02-28,1.7
1999-03-07,1.69
1999-03-14,1.87
1999-03-21,1.75
1999-03-28,1.79
1999-04-04,1.92
1999-04-11,2.04
1999-04-18,2.12
1999-04-25,2.18
1999-05-02,2.3
1999-05-09,2.3
1999-05-16,2.24
1999-05-23,2.27
1999-05-30,2.23
1999-06-06,2.34
1999-06-13,2.37
1999-06-20,2.27
1999-06-27,2.25
1999-07-04,2.29
1999-07-11,2.21
1999-07-18,2.14
1999-07-25,2.29
1999-08-01,2.58
1999-08-08,2.63
1999-08-15,2.75
1999-08-22,2.8
1999-08-29,2.98
1999-09-05,2.69
1999-09-12,2.7
1999-09-19,2.58
1999-09-26,2.42
1999-10-03,2.46
1999-10-10,2.45
1999-10-17,2.67
1999-10-24,2.92
1999-10-31,2.94
1999-11-07,2.75
1999-11-14,2.39
1999-11-21,2.24
1999-11-28,2.0
1999-12-05,2.2
1999-12-12,2.21
1999-12-19,2.49
1999-12-26,2.53
2000-01-02,2.33
2000-01-09,2.17
2000-01-16,2.25
2000-01-23,2.46
2000-01-30,2.71
2000-02-06,2.81
2000-02-13,2.67
2000-02-20,2.64
2000-02-27,2.52
2000-03-05,2.7
2000-03-12,2.74
2000-03-19,2.81
2000-03-26,2.77
2000-04-02,2.88
2000-04-09,2.92
2000-04-16,3.03
2000-04-23,3.11
2000-04-30,3.11
2000-05-07,3.15
2000-05-14,3.26
2000-05-21,3.56
2000-05-28,4.04
2000-06-04,4.37
2000-06-11,4.2
2000-06-18,4.3
2000-06-25,4.28
2000-07-02,4.39
2000-07-09,4.16
2000-07-16,4.18
2000-07-23,3.99
2000-07-30,3.72
2000-08-06,4.01
2000-08-13,4.44
2000-08-20,4.33
2000-08-27,4.63
2000-09-03,4.66
2000-09-10,4.82
2000-09-17,5.05
2000-09-24,5.17
2000-10-01,5.21
2000-10-08,5.2
2000-10-15,5.26
2000-10-22,5.17
2000-10-29,4.68
2000-11-05,4.49
2000-11-12,4.96
2000-11-19,5.78
2000-11-26,6.29
2000-12-03,6.18
2000-12-10,8.16
2000-12-17,8.37
2000-12-24,9.86
2000-12-31,9.88
2001-01-07,9.79
2001-01-14,9.57
2001-01-21,7.68
2001-01-28,7.07
2001-02-04,6.23
2001-02-11,5.98
2001-02-18,5.63
2001-02-25,5.13
2001-03-04,5.14
2001-03-11,5.24
2001-03-18,5.12
2001-03-25,5.2
2001-04-01,5.39
2001-04-08,5.27
2001-04-15,5.44
2001-04-22,5.21
2001-04-29,4.99
2001-05-06,4.56
2001-05-13,4.22
2001-05-20,4.31
2001-05-27,4.05
2001-06-03,3.74
2001-06-10,3.79
2001-06-17,3.97
2001-06-24,3.81
2001-07-01,3.3
2001-07-08,3.0
2001-07-15,3.19
2001-07-22,3.07
2001-07-29,3.08
2001-08-05,3.21
2001-08-12,3.09
2001-08-19,3.18
2001-08-26,3.04
2001-09-02,2.45
2001-09-09,2.34
2001-09-16,2.4
2001-09-23,2.15
2001-09-30,1.9
2001-10-07,1.96
2001-10-14,2.21
2001-10-21,2.42
2001-10-28,2.86
2001-11-04,3.06
2001-11-11,2.72
2001-11-18,2.16
2001-11-25,2.18
2001-12-02,2.0
2001-12-09,1.98
2001-12-16,2.45
2001-12-23,2.4
2001-12-30,2.4
2002-01-06,2.53
2002-01-13,2.38
2002-01-20,2.34
2002-01-27,2.18
2002-02-03,2.18
2002-02-10,2.22
2002-02-17,2.28
2002-02-24,2.38
2002-03-03,2.47
2002-03-10,2.67
2002-03-17,2.92
2002-03-24,3.31
2002-03-31,3.4
2002-04-07,3.54
2002-04-14,3.21
2002-04-21,3.4
2002-04-28,3.5
2002-05-05,3.65
2002-05-12,3.65
2002-05-19,3.57
2002-05-26,3.35
2002-06-02,3.24
2002-06-09,3.24
2002-06-16,3.11
2002-06-23,3.26
2002-06-30,3.43
2002-07-07,3.18
2002-07-14,2.96
2002-07-21,2.9
2002-07-28,2.97
2002-08-04,3.01
2002-08-11,2.78
2002-08-18,2.99
2002-08-25,3.28
2002-09-01,3.33
2002-09-08,3.2
2002-09-15,3.3
2002-09-22,3.71
2002-09-29,3.8
2002-10-06,4.17
2002-10-13,3.85
2002-10-20,4.14
2002-10-27,4.22
2002-11-03,4.23
2002-11-10,3.88
2002-11-17,3.86
2002-11-24,4.25
2002-12-01,4.25
2002-12-08,4.31
2002-12-15,4.64
2002-12-22,5.12
2002-12-29,4.96
2003-01-05,4.85
2003-01-12,5.03
2003-01-19,5.37
2003-01-26,5.91
2003-02-02,5.68
2003-02-09,6.11
2003-02-16,6.08
2003-02-23,6.32
2003-03-02,12.03
2003-03-09,7.8
2003-03-16,5.94
2003-03-23,5.18
2003-03-30,4.99
2003-04-06,4.91
2003-04-13,5.15
2003-04-20,5.5
2003-04-27,5.51
2003-05-04,5.25
2003-05-11,5.57
2003-05-18,6.05
2003-05-25,6.02
2003-06-01,5.83
2003-06-08,6.26
2003-06-15,5.94
2003-06-22,5.57
2003-06-29,5.61
2003-07-06,5.14
2003-07-13,5.36
2003-07-20,5.06
2003-07-27,4.91
2003-08-03,4.68
2003-08-10,4.83
2003-08-17,5.05
2003-08-24,5.07
2003-08-31,5.05
2003-09-07,4.69
2003-09-14,4.76
2003-09-21,4.56
2003-09-28,4.49
2003-10-05,4.49
2003-10-12,4.72
2003-10-19,4.84
2003-10-26,4.7
2003-11-02,4.38
2003-11-09,4.36
2003-11-16,4.59
2003-11-23,4.36
2003-11-30,4.64
2003-12-07,5.58
2003-12-14,6.51
2003-12-21,6.73
2003-12-28,5.8
2004-01-04,5.73
2004-01-11,6.65
2004-01-18,5.95
2004-01-25,6.06
2004-02-01,5.88
2004-02-08,5.57
2004-02-15,5.45
2004-02-22,5.31
2004-02-29,5.14
2004-03-07,5.27
2004-03-14,5.39
2004-03-21,5.58
2004-03-28,5.31
2004-04-04,5.56
2004-04-11,5.78
2004-04-18,5.76
2004-04-25,5.53
2004-05-02,5.76
2004-05-09,6.1
2004-05-16,6.33
2004-05-23,6.33
2004-05-30,6.57
2004-06-06,6.39
2004-06-13,6.08
2004-06-20,6.39
2004-06-27,6.34
2004-07-04,6.0
2004-07-11,6.13
2004-07-18,5.88
2004-07-25,5.86
2004-08-01,5.91
2004-08-08,5.66
2004-08-15,5.55
2004-08-22,5.34
2004-08-29,5.23
2004-09-05,4.84
2004-09-12,4.56
2004-09-19,5.04
2004-09-26,5.44
2004-10-03,5.73
2004-10-10,5.92
2004-10-17,5.61
2004-10-24,6.7
2004-10-31,7.38
2004-11-07,6.92
2004-11-14,6.12
2004-11-21,5.81
2004-11-28,5.16
2004-12-05,6.61
2004-12-12,6.08
2004-12-19,7.03
2004-12-26,7.0
2005-01-02,6.26
2005-01-09,5.74
2005-01-16,6.11
2005-01-23,6.4
2005-01-30,6.4
2005-02-06,6.25
2005-02-13,6.08
2005-02-20,6.0
2005-02-27,6.13
2005-03-06,6.62
2005-03-13,6.82
2005-03-20,7.09
2005-03-27,7.14
2005-04-03,7.22
2005-04-10,7.49
2005-04-17,7.11
2005-04-24,7.0
2005-05-01,6.95
2005-05-08,6.58
2005-05-15,6.59
2005-05-22,6.42
2005-05-29,6.33
2005-06-05,6.49
2005-06-12,7.11
2005-06-19,7.36
2005-06-26,7.52
2005-07-03,7.09
2005-07-10,7.64
2005-07-17,7.79
2005-07-24,7.65
2005-07-31,7.56
2005-08-07,8.46
2005-08-14,9.07
2005-08-21,9.53
2005-08-28,9.81
2005-09-04,11.6
2005-09-11,11.14
2005-09-18,10.94
2005-09-25,13.46
2005-10-02,13.57
2005-10-09,13.67
2005-10-16,13.4
2005-10-23,13.36
2005-10-30,13.71
2005-11-06,10.86
2005-11-13,9.22
2005-11-20,10.26
2005-11-27,10.88
2005-12-04,11.89
2005-12-11,14.21
2005-12-18,14.49
2005-12-25,13.06
2006-01-01,9.93
2006-01-08,9.42
2006-01-15,8.63
2006-01-22,8.67
2006-01-29,8.22
2006-02-05,8.36
2006-02-12,7.8
2006-02-19,7.25
2006-02-26,7.39
2006-03-05,6.71
2006-03-12,6.44
2006-03-19,7.06
2006-03-26,7.1
2006-04-02,7.11
2006-04-09,6.98
2006-04-16,6.81
2006-04-23,7.63
2006-04-30,7.17
2006-05-07,6.61
2006-05-14,6.55
2006-05-21,5.92
2006-05-28,5.96
2006-06-04,6.16
2006-06-11,6.06
2006-06-18,6.3
2006-06-25,6.5
2006-07-02,5.97
2006-07-09,5.39
2006-07-16,5.74
2006-07-23,6.04
2006-07-30,6.82
2006-08-06,8.08
2006-08-13,7.43
2006-08-20,6.84
2006-08-27,7.09
2006-09-03,6.04
2006-09-10,5.52
2006-09-17,5.15
2006-09-24,4.8
2006-10-01,4.17
2006-10-08,4.32
2006-10-15,5.07
2006-10-22,6.22
2006-10-29,7.39
2006-11-05,7.11
2006-11-12,7.04
2006-11-19,7.39
2006-11-26,7.59
2006-12-03,7.93
2006-12-10,7.51
2006-12-17,7.01
2006-12-24,6.26
2006-12-31,5.6
2007-01-07,5.5
2007-01-14,6.13
2007-01-21,6.52
2007-01-28,7.29
2007-02-04,7.71
2007-02-11,8.31
2007-02-18,8.43
2007-02-25,7.46
2007-03-04,7.34
2007-03-11,7.32
2007-03-18,6.86
2007-03-25,6.91
2007-04-01,7.32
2007-04-08,7.55
2007-04-15,7.83
2007-04-22,7.51
2007-04-29,7.48
2007-05-06,7.68
2007-05-13,7.56
2007-05-20,7.74
2007-05-27,7.56
2007-06-03,7.65
2007-06-10,7.76
2007-06-17,7.51
2007-06-24,7.36
2007-07-01,6.71
2007-07-08,6.26
2007-07-15,6.4
2007-07-22,6.37
2007-07-29,5.76
2007-08-05,6.3
2007-08-12,6.35
2007-08-19,7.08
2007-08-26,5.93
2007-09-02,5.51
2007-09-09,5.66
2007-09-16,6.03
2007-09-23,6.21
2007-09-30,6.33
2007-10-07,6.65
2007-10-14,6.68
2007-10-21,7.1
2007-10-28,6.39
2007-11-04,6.93
2007-11-11,6.95
2007-11-18,7.19
2007-11-25,6.88
2007-12-02,7.44
2007-12-09,7.12
2007-12-16,7.17
2007-12-23,7.12
2007-12-30,6.97
2008-01-06,7.57
2008-01-13,7.84
2008-01-20,8.33
2008-01-27,7.86
2008-02-03,8.02
2008-02-10,7.87
2008-02-17,8.47
2008-02-24,8.88
2008-03-02,9.16
2008-03-09,9.43
2008-03-16,9.74
2008-03-23,9.08
2008-03-30,9.24
2008-04-06,9.68
2008-04-13,9.88
2008-04-20,10.13
2008-04-27,10.54
2008-05-04,10.75
2008-05-11,11.11
2008-05-18,11.36
2008-05-25,11.31
2008-06-01,11.67
2008-06-08,12.29
2008-06-15,12.59
2008-06-22,12.88
2008-06-29,12.89
2008-07-06,13.2
2008-07-13,12.3
2008-07-20,11.3
2008-07-27,9.93
2008-08-03,9.15
2008-08-10,8.71
2008-08-17,8.1
2008-08-24,7.9
2008-08-31,8.16
2008-09-07,7.54
2008-09-14,7.69
2008-09-21,7.91
2008-09-28,7.74
2008-10-05,7.3
2008-10-12,6.68
2008-10-19,6.68
2008-10-26,6.75
2008-11-02,6.44
2008-11-09,6.76
2008-11-16,6.68
2008-11-23,6.67
2008-11-30,6.6
2008-12-07,6.44
2008-12-14,5.68
2008-12-21,5.72
2008-12-28,5.41
2009-01-04,5.64
2009-01-11,5.88
2009-01-18,5.42
2009-01-25,4.8
2009-02-01,4.74
2009-02-08,4.81
2009-02-15,4.72
2009-02-22,4.34
2009-03-01,4.15
2009-03-08,4.23
2009-03-15,3.89
2009-03-22,3.8
2009-03-29,4.06
2009-04-05,3.62
2009-04-12,3.61
2009-04-19,3.53
2009-04-26,3.45
2009-05-03,3.29
2009-05-10,3.78
2009-05-17,4.24
2009-05-24,3.79
2009-05-31,3.58
2009-06-07,3.76
2009-06-14,3.53
2009-06-21,4.04
2009-06-28,3.87
2009-07-05,3.68
2009-07-12,3.27
2009-07-19,3.29
2009-07-26,3.5
2009-08-02,3.41
2009-08-09,3.58
2009-08-16,3.39
2009-08-23,3.01
2009-08-30,2.72
2009-09-06,2.18
2009-09-13,2.69
2009-09-20,3.21
2009-09-27,3.46
2009-10-04,3.06
2009-10-11,3.6
2009-10-18,3.93
2009-10-25,4.7
2009-11-01,4.37
2009-11-08,4.28
2009-11-15,3.38
2009-11-22,3.3
2009-11-29,3.52
2009-12-06,4.5
2009-12-13,5.08
2009-12-20,5.61
2009-12-27,5.66
2010-01-03,5.88
2010-01-10,6.56
2010-01-17,5.68
2010-01-24,5.56
2010-01-31,5.47
2010-02-07,5.47
2010-02-14,5.55
2010-02-21,5.41
2010-02-28,4.87
2010-03-07,4.74
2010-03-14,4.45
2010-03-21,4.23
2010-03-28,4.01
2010-04-04,3.82
2010-04-11,4.0
2010-04-18,4.06
2010-04-25,3.99
2010-05-02,4.16
2010-05-09,3.94
2010-05-16,4.19
2010-05-23,4.26
2010-05-30,4.18
2010-06-06,4.44
2010-06-13,4.73
2010-06-20,5.1
2010-06-27,4.93
2010-07-04,4.66
2010-07-11,4.64
2010-07-18,4.48
2010-07-25,4.64
2010-08-01,4.75
2010-08-08,4.8
2010-08-15,4.42
2010-08-22,4.3
2010-08-29,3.96
2010-09-05,3.76
2010-09-12,3.8
2010-09-19,4.01
2010-09-26,4.01
2010-10-03,3.79
2010-10-10,3.52
2010-10-17,3.49
2010-10-24,3.37
2010-10-31,3.31
2010-11-07,3.39
2010-11-14,3.7
2010-11-21,3.73
2010-11-28,3.9
2010-12-05,4.2
2010-12-12,4.46
2010-12-19,4.26
2010-12-26,4.09
2011-01-02,4.16
2011-01-09,4.52
2011-01-16,4.46
2011-01-23,4.57
2011-01-30,4.45
2011-02-06,4.51
2011-02-13,4.17
2011-02-20,3.9
2011-02-27,3.84
2011-03-06,3.82
2011-03-13,3.8
2011-03-20,3.88
2011-03-27,4.12
2011-04-03,4.3
2011-04-10,4.15
2011-04-17,4.12
2011-04-24,4.27
2011-05-01,4.39
2011-05-08,4.5
2011-05-15,4.18
2011-05-22,4.15
2011-05-29,4.35
2011-06-05,4.65
2011-06-12,4.83
2011-06-19,4.56
2011-06-26,4.33
2011-07-03,4.32
2011-07-10,4.3
2011-07-17,4.41
2011-07-24,4.58
2011-07-31,4.4
2011-08-07,4.21
2011-08-14,4.08
2011-08-21,4.01
2011-08-28,4.01
2011-09-04,4.01
2011-09-11,3.96
2011-09-18,3.95
2011-09-25,3.77
2011-10-02,3.81
2011-10-09,3.53
2011-10-16,3.48
2011-10-23,3.62
2011-10-30,3.62
2011-11-06,3.47
2011-11-13,3.42
2011-11-20,3.1
2011-11-27,2.92
2011-12-04,3.37
2011-12-11,3.39
2011-12-18,3.08
2011-12-25,3.04
2012-01-01,3.04
2012-01-08,2.92
2012-01-15,2.81
2012-01-22,2.4
2012-01-29,2.57
2012-02-05,2.45
2012-02-12,2.51
2012-02-19,2.52
2012-02-26,2.63
2012-03-04,2.45
2012-03-11,2.26
2012-03-18,2.11
2012-03-25,2.16
2012-04-01,2.06
2012-04-08,1.96
2012-04-15,1.93
2012-04-22,1.86
2012-04-29,2.0
2012-05-06,2.26
2012-05-13,2.33
2012-05-20,2.49
2012-05-27,2.59
2012-06-03,2.37
2012-06-10,2.33
2012-06-17,2.24
2012-06-24,2.52
2012-07-01,2.76
2012-07-08,2.84
2012-07-15,2.82
2012-07-22,2.92
2012-07-29,3.13
2012-08-05,3.12
2012-08-12,2.92
2012-08-19,2.77
2012-08-26,2.79
2012-09-02,2.72
2012-09-09,2.82
2012-09-16,2.88
2012-09-23,2.76
2012-09-30,2.93
2012-10-07,3.22
2012-10-14,3.26
2012-10-21,3.31
2012-10-28,3.41
2012-11-04,3.44
2012-11-11,3.4
2012-11-18,3.54
2012-11-25,3.61
2012-12-02,3.66
2012-12-09,3.41
2012-12-16,3.3
2012-12-23,3.3
2012-12-30,3.34
2013-01-06,3.28
2013-01-13,3.18
2013-01-20,3.44
2013-01-27,3.54
2013-02-03,3.26
2013-02-10,3.33
2013-02-17,3.26
2013-02-24,3.28
2013-03-03,3.48
2013-03-10,3.57
2013-03-17,3.74
2013-03-24,3.99
2013-03-31,4.04
2013-04-07,3.99
2013-04-14,4.13
2013-04-21,4.25
2013-04-28,4.24
2013-05-05,4.23
2013-05-12,3.89
2013-05-19,3.95
2013-05-26,4.14
2013-06-02,4.12
2013-06-09,3.94
2013-06-16,3.77
2013-06-23,3.87
2013-06-30,3.72
2013-07-07,3.54
2013-07-14,3.66
2013-07-21,3.69
2013-07-28,3.67
2013-08-04,3.45
2013-08-11,3.32
2013-08-18,3.35
2013-08-25,3.49
2013-09-01,3.55
2013-09-08,3.64
2013-09-15,3.61
2013-09-22,3.71
2013-09-29,3.55
2013-10-06,3.56
2013-10-13,3.7
2013-10-20,3.79
2013-10-27,3.69
2013-11-03,3.55
2013-11-10,3.47
2013-11-17,3.62
2013-11-24,3.69
2013-12-01,3.86
2013-12-08,3.94
2013-12-15,4.31
2013-12-22,4.25
2013-12-29,4.44
2014-01-05,4.36
2014-01-12,4.31
2014-01-19,4.39
2014-01-26,5.09
2014-02-02,5.29
2014-02-09,6.35
2014-02-16,6.55
2014-02-23,6.0
2014-03-02,5.1
2014-03-09,6.24
2014-03-16,4.57
2014-03-23,4.43
2014-03-30,4.46
2014-04-06,4.45
2014-04-13,4.63
2014-04-20,4.65
2014-04-27,4.79
2014-05-04,4.76
2014-05-11,4.74
2014-05-18,4.46
2014-05-25,4.52
2014-06-01,4.52
2014-06-08,4.61
2014-06-15,4.61
2014-06-22,4.65
2014-06-29,4.51
2014-07-06,4.41
2014-07-13,4.19
2014-07-20,4.11
2014-07-27,3.84
2014-08-03,3.79
2014-08-10,3.92
2014-08-17,3.9
2014-08-24,3.85
2014-08-31,4.01
2014-09-07,3.93
2014-09-14,3.91
2014-09-21,3.94
2014-09-28,3.88
2014-10-05,4.02
2014-10-12,3.88
2014-10-19,3.82
2014-10-26,3.63
2014-11-02,3.65
2014-11-09,3.83
2014-11-16,4.16
2014-11-23,4.35
2014-11-30,4.16
2014-12-07,3.75
2014-12-14,3.66
2014-12-21,3.69
2014-12-28,2.94
2015-01-04,3.09
2015-01-11,3.03
2015-01-18,3.08
2015-01-25,2.95
2015-02-01,2.91
2015-02-08,2.72
2015-02-15,2.75
2015-02-22,2.9
2015-03-01,3.13
2015-03-08,3.04
2015-03-15,2.76
2015-03-22,2.8
2015-03-29,2.79
2015-04-05,2.64
2015-04-12,2.67
2015-04-19,2.61
2015-04-26,2.59
2015-05-03,2.57
2015-05-10,2.75
2015-05-17,2.88
2015-05-24,3.0
2015-05-31,2.8
2015-06-07,2.65
2015-06-14,2.78
2015-06-21,2.9
2015-06-28,2.8
2015-07-05,2.79
2015-07-12,2.75
2015-07-19,2.89
2015-07-26,2.88
2015-08-02,2.87
2015-08-09,2.79
2015-08-16,2.88
2015-08-23,2.75
2015-08-30,2.69
2015-09-06,2.69
2015-09-13,2.71
2015-09-20,2.7
2015-09-27,2.61
2015-10-04,2.49
2015-10-11,2.38
2015-10-18,2.48
2015-10-25,2.38
2015-11-01,2.12
2015-11-08,2.02
2015-11-15,2.11
2015-11-22,2.09
2015-11-29,2.15
2015-12-06,2.13
2015-12-13,1.96
2015-12-20,1.72
2015-12-27,1.68
2016-01-03,2.27
2016-01-10,2.38
2016-01-17,2.32
2016-01-24,2.2
2016-01-31,2.22
2016-02-07,2.11
2016-02-14,2.16
2016-02-21,1.94
2016-02-28,1.82
2016-03-06,1.57
2016-03-13,1.65
2016-03-20,1.79
2016-03-27,1.79
2016-04-03,1.86
2016-04-10,1.96
2016-04-17,1.9
2016-04-24,1.9
2016-05-01,1.92
2016-05-08,1.96
2016-05-15,2.0
2016-05-22,1.89
2016-05-29,1.84
2016-06-05,2.15
2016-06-12,2.36
2016-06-19,2.59
2016-06-26,2.75
2016-07-03,2.89
2016-07-10,2.82
2016-07-17,2.81
2016-07-24,2.8
2016-07-31,2.85
2016-08-07,2.88
2016-08-14,2.77
2016-08-21,2.74
2016-08-28,2.82
2016-09-04,2.94
2016-09-11,2.87
2016-09-18,3.02
2016-09-25,3.11
2016-10-02,3.01
2016-10-09,2.91
2016-10-16,3.17
2016-10-23,3.14
2016-10-30,2.72
2016-11-06,2.5
2016-11-13,2.22
2016-11-20,2.44
2016-11-27,2.76
2016-12-04,3.21
2016-12-11,3.68
2016-12-18,3.57
2016-12-25,3.51
2017-01-01,3.68
2017-01-08,3.47
2017-01-15,3.27
2017-01-22,3.29
2017-01-29,3.27
2017-02-05,3.13
2017-02-12,3.04
2017-02-19,2.87
2017-02-26,2.62
2017-03-05,2.52
2017-03-12,2.75
2017-03-19,2.95
2017-03-26,2.99
2017-04-02,3.03
2017-04-09,3.17
2017-04-16,3.05
2017-04-23,3.1
2017-04-30,3.09
2017-05-07,3.14
2017-05-14,3.12
2017-05-21,3.21
2017-05-28,3.18
2017-06-04,3.03
2017-06-11,2.98
2017-06-18,3.03
2017-06-25,2.89
2017-07-02,3.01
2017-07-09,2.95
2017-07-16,2.96
2017-07-23,3.09
2017-07-30,2.96
2017-08-06,2.8
2017-08-13,2.85
2017-08-20,2.95
2017-08-27,2.97
2017-09-03,2.93
2017-09-10,2.91
2017-09-17,2.96
2017-09-24,3.09
2017-10-01,2.96
2017-10-08,2.84
2017-10-15,2.92
2017-10-22,2.84
2017-10-29,2.91
2017-11-05,2.78
2017-11-12,3.12
2017-11-19,3.1
2017-11-26,3.05
2017-12-03,2.94
2017-12-10,2.84
2017-12-17,2.77
2017-12-24,2.69
2017-12-31,3.02
2018-01-07,5.71
2018-01-14,3.24
2018-01-21,4.12
2018-01-28,3.43
2018-02-04,3.3
2018-02-11,2.75
2018-02-18,2.54
2018-02-25,2.62
2018-03-04,2.64
2018-03-11,2.74
2018-03-18,2.71
2018-03-25,2.65
2018-04-01,2.67
2018-04-08,2.79
2018-04-15,2.78
2018-04-22,2.83
2018-04-29,2.8
2018-05-06,2.75
2018-05-13,2.76
2018-05-20,2.8
2018-05-27,2.84
2018-06-03,2.88
2018-06-10,2.92
2018-06-17,2.99
2018-06-24,2.99
2018-07-01,2.98
2018-07-08,2.9
2018-07-15,2.89
2018-07-22,2.78
2018-07-29,2.79
2018-08-05,2.8
2018-08-12,2.95
2018-08-19,3.0
2018-08-26,3.01
2018-09-02,2.97
2018-09-09,2.94
2018-09-16,2.93
2018-09-23,3.03
2018-09-30,3.06
2018-10-07,3.23
2018-10-14,3.3
2018-10-21,3.26
2018-10-28,3.32
2018-11-04,3.28
2018-11-11,3.58
2018-11-18,4.23
2018-11-25,4.67
2018-12-02,4.43
2018-12-09,4.49
2018-12-16,4.38
2018-12-23,3.73
2018-12-30,3.26
2019-01-06,2.92
2019-01-13,2.89
2019-01-20,3.5
2019-01-27,3.19
2019-02-03,2.9
2019-02-10,2.59
2019-02-17,2.66
2019-02-24,2.71
2019-03-03,2.91
2019-03-10,3.28
2019-03-17,2.89
2019-03-24,2.86
2019-03-31,2.71
2019-04-07,2.7
2019-04-14,2.72
2019-04-21,2.62
2019-04-28,2.56
2019-05-05,2.6
2019-05-12,2.6
2019-05-19,2.67
2019-05-26,2.66
2019-06-02,2.66
2019-06-09,2.45
2019-06-16,2.41
2019-06-23,2.4
2019-06-30,2.34
2019-07-07,2.31
2019-07-14,2.47
2019-07-21,2.44
2019-07-28,2.3
2019-08-04,2.24
2019-08-11,2.11
2019-08-18,2.21
2019-08-25,2.27
2019-09-01,2.28
2019-09-08,2.46
2019-09-15,2.64
2019-09-22,2.63
2019-09-29,2.52
2019-10-06,2.33
2019-10-13,2.26
2019-10-20,2.25
2019-10-27,2.25
2019-11-03,2.62
2019-11-10,2.81
2019-11-17,2.69
2019-11-24,2.58
2019-12-01,2.48
2019-12-08,2.37
2019-12-15,2.24
2019-12-22,2.28
2019-12-29,2.03
2020-01-05,2.06
2020-01-12,2.09
2020-01-19,2.06
2020-01-26,1.93
2020-02-02,1.95
2020-02-09,1.89
2020-02-16,1.9
2020-02-23,2.0
2020-03-01,1.87
2020-03-08,1.8
2020-03-15,1.88
2020-03-22,1.78
2020-03-29,1.73
2020-04-05,1.62
2020-04-12,1.77
2020-04-19,1.72
2020-04-26,1.85
2020-05-03,1.71
2020-05-10,1.84
2020-05-17,1.63
2020-05-24,1.78
2020-05-31,1.76
2020-06-07,1.7
2020-06-14,1.7
2020-06-21,1.52
2020-06-28,1.57
2020-07-05,1.71
2020-07-12,1.78
2020-07-19,1.77
2020-07-26,1.72
2020-08-02,1.82
2020-08-09,2.13
2020-08-16,2.17
2020-08-23,2.39
2020-08-30,2.52
2020-09-06,2.16
2020-09-13,2.16
2020-09-20,1.93
2020-09-27,1.68
2020-10-04,1.65
2020-10-11,1.91
2020-10-18,2.17
2020-10-25,2.74
2020-11-01,3.09
2020-11-08,2.78
2020-11-15,2.75
2020-11-22,2.39
2020-11-29,2.39
2020-12-06,2.69
2020-12-13,2.44
2020-12-20,2.7
2020-12-27,2.72
2021-01-03,2.38
2021-01-10,2.74
2021-01-17,2.82
2021-01-24,2.54
2021-01-31,2.71
2021-02-07,3.12
2021-02-14,4.63
2021-02-21,12.18
2021-02-28,2.86
2021-03-07,2.79
2021-03-14,2.65
2021-03-21,2.53
2021-03-28,2.54
2021-04-04,2.54
2021-04-11,2.45
2021-04-18,2.59
2021-04-25,2.76
2021-05-02,2.88
2021-05-09,2.95
2021-05-16,2.93
2021-05-23,2.91
2021-05-30,2.86
2021-06-06,3.06
